"OrderID";"OrderDate";"CustomerID";"CustomerName";"ProductID";"ProductName";"Category";"Brand";"Quantity";"UnitPrice";"Discount";"Tax";"ShippingCost";"TotalAmount";"PaymentMethod";"OrderStatus";"City";"State";"Country";"SellerID"
"ORD0000001";"2023-01-31";"CUST001504";"Vihaan Sharma";"P00014";"Drone Mini";"Books";"BrightLux";3;106.59;0.0;0.0;0.09;319.86;"Debit Card";"Delivered";"Washington";"DC";"India";"SELL01967"
"ORD0000002";"2023-12-30";"CUST000178";"Pooja Kumar";"P00040";"Microphone";"Home & Kitchen";"UrbanStyle";1;251.37;0.05;19.1;1.74;259.64;"Amazon Pay";"Delivered";"Fort Worth";"TX";"United States";"SELL01298"
"ORD0000003";"2022-05-10";"CUST047516";"Sneha Singh";"P00044";"Power Bank 20000mAh";"Clothing";"UrbanStyle";3;35.03;0.1;7.57;5.91;108.06;"Debit Card";"Delivered";"Austin";"TX";"United States";"SELL00908"
"ORD0000004";"2023-07-18";"CUST030059";"Vihaan Reddy";"P00041";"Webcam Full HD";"Home & Kitchen";"Zenith";5;33.58;0.15;11.42;5.53;159.66;"Cash on Delivery";"Delivered";"Charlotte";"NC";"India";"SELL01164"
"ORD0000005";"2023-02-04";"CUST048677";"Aditya Kapoor";"P00029";"T-Shirt";"Clothing";"KiddoFun";2;515.64;0.25;38.67;9.23;821.36;"Credit Card";"Cancelled";"San Antonio";"TX";"Canada";"SELL01411"
"ORD0000006";"2022-12-31";"CUST042705";"Karan Sharma";"P00023";"Cookware Set";"Books";"ReadMore";4;449.73;0.0;215.87;2.74;2017.53;"UPI";"Delivered";"Los Angeles";"CA";"United States";"SELL01494"
"ORD0000007";"2024-09-20";"CUST037667";"Aarav Verma";"P00030";"Dress Shirt";"Clothing";"UrbanStyle";2;219.81;0.2;28.14;14.97;394.81;"UPI";"Delivered";"Chicago";"IL";"Australia";"SELL01676"
"ORD0000008";"2022-11-10";"CUST031165";"Rohit Kumar";"P00028";"Jeans";"Toys & Games";"KiddoFun";2;306.51;0.05;29.12;6.24;617.73;"Debit Card";"Pending";"Denver";"CO";"India";"SELL00510"
"ORD0000009";"2024-06-26";"CUST026965";"Aman Kapoor";"P00031";"Kids Toy Car";"Sports & Outdoors";"Apex";4;146.09;0.0;46.75;7.03;638.14;"Debit Card";"Delivered";"Washington";"DC";"United States";"SELL01895"
"ORD0000010";"2020-05-01";"CUST029472";"Aarav Reddy";"P00001";"Wireless Earbuds";"Clothing";"Apex";2;278.21;0.1;60.09;4.88;565.75;"Credit Card";"Delivered";"Houston";"TX";"United States";"SELL01584"
"ORD0000011";"2021-04-11";"CUST005346";"Rohit Reddy";"P00046";"Car Charger";"Books";"HomeEase";1;141.42;0.05;6.72;9.7;150.77;"Amazon Pay";"Delivered";"Jacksonville";"FL";"Australia";"SELL01217"
"ORD0000012";"2023-05-23";"CUST046088";"Karan Kumar";"P00042";"Projector Mini";"Home & Kitchen";"KiddoFun";5;346.56;0.05;131.69;13.38;1791.23;"Credit Card";"Shipped";"Charlotte";"NC";"Australia";"SELL01160"
"ORD0000013";"2020-11-26";"CUST026576";"Simran Kapoor";"P00018";"Vacuum Cleaner";"Home & Kitchen";"Zenith";4;496.76;0.05;94.38;4.43;1986.5;"UPI";"Delivered";"New York";"NY";"United States";"SELL00719"
"ORD0000014";"2024-01-22";"CUST006051";"Pooja Sharma";"P00040";"Microphone";"Home & Kitchen";"Apex";3;523.27;0.0;188.38;8.04;1766.23;"Debit Card";"Shipped";"Seattle";"WA";"United States";"SELL00672"
"ORD0000015";"2020-03-28";"CUST025111";"Mohit Mehta";"P00035";"Desk Plant";"Books";"HomeEase";4;291.37;0.1;52.45;1.76;1103.14;"Net Banking";"Delivered";"Indianapolis";"IN";"United States";"SELL01541"
"ORD0000016";"2023-10-28";"CUST040957";"Anjali Gupta";"P00028";"Jeans";"Sports & Outdoors";"HomeEase";4;533.12;0.25;79.97;2.58;1681.91;"Amazon Pay";"Delivered";"Jacksonville";"FL";"United States";"SELL00437"
"ORD0000017";"2023-01-28";"CUST000735";"Arjun Kumar";"P00025";"Running Shoes";"Home & Kitchen";"Zenith";4;453.47;0.1;0.0;4.39;1636.88;"Amazon Pay";"Delivered";"Philadelphia";"PA";"United States";"SELL01971"
"ORD0000018";"2022-05-21";"CUST038237";"Anjali Verma";"P00039";"Graphic Tablet";"Toys & Games";"KiddoFun";5;547.58;0.0;0.0;10.06;2747.96;"Amazon Pay";"Delivered";"Seattle";"WA";"United States";"SELL00132"
"ORD0000019";"2024-08-14";"CUST040211";"Aditya Mehta";"P00033";"Puzzle 1000pc";"Electronics";"ReadMore";5;529.19;0.0;317.51;4.57;2968.03;"Amazon Pay";"Returned";"Phoenix";"AZ";"United States";"SELL01907"
"ORD0000020";"2020-05-10";"CUST046893";"Vihaan Patel";"P00040";"Microphone";"Sports & Outdoors";"HomeEase";3;303.53;0.0;72.85;4.18;987.62;"UPI";"Delivered";"San Diego";"CA";"United States";"SELL00881"
"ORD0000021";"2024-08-12";"CUST041508";"Vikas Kapoor";"P00028";"Jeans";"Toys & Games";"Apex";1;226.26;0.0;11.31;9.55;247.12;"Credit Card";"Delivered";"Fort Worth";"TX";"United States";"SELL01947"
"ORD0000022";"2023-08-25";"CUST048817";"Pooja Sharma";"P00010";"Smartwatch";"Books";"ReadMore";4;493.47;0.0;98.69;11.8;2084.37;"Credit Card";"Delivered";"Chicago";"IL";"Australia";"SELL01672"
"ORD0000023";"2022-02-08";"CUST048828";"Simran Reddy";"P00003";"Smartphone Case";"Toys & Games";"Apex";5;452.12;0.0;113.03;9.62;2383.25;"Debit Card";"Delivered";"Phoenix";"AZ";"Canada";"SELL01102"
"ORD0000024";"2020-12-09";"CUST033080";"Vihaan Mehta";"P00021";"Backpack";"Electronics";"ReadMore";3;107.95;0.1;0.0;8.29;299.76;"Net Banking";"Delivered";"Dallas";"TX";"United States";"SELL01507"
"ORD0000025";"2024-02-24";"CUST041929";"Aditya Reddy";"P00008";"4K Monitor";"Toys & Games";"KiddoFun";1;16.68;0.15;1.13;2.39;17.7;"Credit Card";"Delivered";"Jacksonville";"FL";"United States";"SELL01553"
"ORD0000026";"2023-12-08";"CUST035043";"Priya Kapoor";"P00030";"Dress Shirt";"Clothing";"Apex";4;380.23;0.2;60.84;9.28;1286.86;"Amazon Pay";"Pending";"Columbus";"OH";"Canada";"SELL00342"
"ORD0000027";"2022-03-16";"CUST043777";"Vikas Kapoor";"P00036";"Smart Light Bulb";"Toys & Games";"UrbanStyle";3;569.69;0.25;153.82;14.27;1449.89;"Credit Card";"Delivered";"San Francisco";"CA";"United States";"SELL01129"
"ORD0000028";"2021-01-20";"CUST037985";"Rohit Verma";"P00019";"LED Desk Lamp";"Books";"HomeEase";3;138.33;0.0;49.8;3.37;468.16;"Debit Card";"Delivered";"San Antonio";"TX";"United Kingdom";"SELL01796"
"ORD0000029";"2023-04-30";"CUST000721";"Vivaan Kumar";"P00036";"Smart Light Bulb";"Electronics";"Zenith";3;381.45;0.0;205.98;8.99;1359.32;"Credit Card";"Delivered";"Denver";"CO";"United States";"SELL01715"
"ORD0000030";"2022-08-13";"CUST008013";"Priya Verma";"P00045";"Phone Tripod";"Toys & Games";"ReadMore";5;199.99;0.0;179.99;5.19;1185.13;"UPI";"Delivered";"Phoenix";"AZ";"United States";"SELL00874"
"ORD0000031";"2020-10-03";"CUST018693";"Sneha Verma";"P00046";"Car Charger";"Books";"Apex";2;269.8;0.0;97.13;1.49;638.22;"Debit Card";"Delivered";"Charlotte";"NC";"United Kingdom";"SELL01318"
"ORD0000032";"2023-03-30";"CUST044089";"Sunita Gupta";"P00006";"Gaming Mouse";"Sports & Outdoors";"FitLife";4;126.5;0.1;22.77;7.01;485.18;"Credit Card";"Shipped";"Houston";"TX";"India";"SELL00384"
"ORD0000033";"2021-04-04";"CUST011946";"Simran Patel";"P00047";"Memory Card 128GB";"Electronics";"CoreTech";2;151.95;0.05;14.44;3.5;306.64;"Credit Card";"Delivered";"Washington";"DC";"United States";"SELL01798"
"ORD0000034";"2023-08-30";"CUST049225";"Mohit Patel";"P00046";"Car Charger";"Clothing";"HomeEase";1;218.74;0.0;10.94;12.22;241.9;"Credit Card";"Delivered";"Austin";"TX";"United States";"SELL00219"
"ORD0000035";"2020-01-22";"CUST048518";"Vikas Kumar";"P00021";"Backpack";"Sports & Outdoors";"BrightLux";5;294.8;0.1;159.19;4.08;1489.87;"Credit Card";"Shipped";"Fort Worth";"TX";"United States";"SELL01619"
"ORD0000036";"2020-09-09";"CUST047957";"Pooja Verma";"P00033";"Puzzle 1000pc";"Books";"BrightLux";1;357.76;0.25;0.0;6.76;275.08;"Amazon Pay";"Delivered";"Columbus";"OH";"United Kingdom";"SELL01592"
"ORD0000037";"2022-01-17";"CUST043577";"Kabir Singh";"P00032";"Board Game";"Electronics";"CoreTech";5;448.89;0.0;179.56;3.3;2427.31;"Credit Card";"Delivered";"Phoenix";"AZ";"United States";"SELL00755"
"ORD0000038";"2022-05-06";"CUST029566";"Sahil Kumar";"P00015";"Instant Pot";"Electronics";"ReadMore";4;300.89;0.0;144.43;0.43;1348.42;"Credit Card";"Delivered";"Fort Worth";"TX";"United States";"SELL01262"
"ORD0000039";"2024-05-03";"CUST004199";"Mohit Joshi";"P00040";"Microphone";"Home & Kitchen";"FitLife";5;512.88;0.25;96.17;11.33;2030.8;"Amazon Pay";"Delivered";"San Antonio";"TX";"United Kingdom";"SELL00566"
"ORD0000040";"2021-04-19";"CUST042096";"Sunita Gupta";"P00010";"Smartwatch";"Books";"HomeEase";2;81.82;0.1;7.36;4.47;159.11;"Credit Card";"Delivered";"Jacksonville";"FL";"United States";"SELL01049"
"ORD0000041";"2022-12-18";"CUST017203";"Sahil Kumar";"P00035";"Desk Plant";"Sports & Outdoors";"Zenith";3;215.9;0.0;77.72;8.45;733.87;"UPI";"Delivered";"Chicago";"IL";"United States";"SELL00369"
"ORD0000042";"2021-05-25";"CUST046853";"Anjali Sharma";"P00022";"Water Bottle";"Books";"HomeEase";5;574.28;0.1;129.21;2.23;2715.7;"Debit Card";"Delivered";"San Antonio";"TX";"United States";"SELL01983"
"ORD0000043";"2024-09-01";"CUST020850";"Sneha Sharma";"P00031";"Kids Toy Car";"Home & Kitchen";"FitLife";4;109.59;0.0;35.07;7.59;481.02;"Amazon Pay";"Delivered";"San Diego";"CA";"India";"SELL00959"
"ORD0000044";"2024-02-08";"CUST039744";"Anjali Mehta";"P00025";"Running Shoes";"Toys & Games";"HomeEase";3;88.46;0.15;40.6;2.73;268.9;"Credit Card";"Cancelled";"San Antonio";"TX";"United States";"SELL00076"
"ORD0000045";"2021-11-30";"CUST017434";"Pooja Verma";"P00035";"Desk Plant";"Electronics";"Apex";4;395.64;0.05;120.27;3.89;1627.59;"Debit Card";"Delivered";"Houston";"TX";"United States";"SELL00898"
"ORD0000046";"2022-09-02";"CUST045893";"Rohit Kapoor";"P00009";"Portable SSD 1TB";"Toys & Games";"HomeEase";2;449.14;0.05;0.0;5.62;858.99;"Debit Card";"Delivered";"New York";"NY";"United States";"SELL00181"
"ORD0000047";"2024-12-11";"CUST033696";"Anjali Kumar";"P00039";"Graphic Tablet";"Electronics";"CoreTech";4;121.45;0.0;0.0;3.75;489.55;"UPI";"Delivered";"Austin";"TX";"United States";"SELL01805"
"ORD0000048";"2020-07-08";"CUST032008";"Neha Mehta";"P00030";"Dress Shirt";"Toys & Games";"FitLife";2;140.89;0.05;21.42;0.48;289.59;"Debit Card";"Delivered";"San Diego";"CA";"Australia";"SELL00438"
"ORD0000049";"2022-08-15";"CUST011785";"Simran Singh";"P00014";"Drone Mini";"Books";"ReadMore";3;249.84;0.2;47.97;3.26;650.85;"Debit Card";"Delivered";"San Antonio";"TX";"Australia";"SELL01660"
"ORD0000050";"2021-11-17";"CUST001846";"Pooja Singh";"P00012";"Noise Cancelling Headphones";"Books";"KiddoFun";3;482.37;0.15;61.5;8.73;1300.27;"Net Banking";"Delivered";"San Jose";"CA";"India";"SELL01908"
"ORD0000051";"2022-08-15";"CUST048348";"Sneha Reddy";"P00047";"Memory Card 128GB";"Books";"FitLife";3;244.83;0.25;0.0;8.07;558.94;"Cash on Delivery";"Delivered";"San Jose";"CA";"Australia";"SELL00078"
"ORD0000052";"2021-07-16";"CUST027076";"Sahil Gupta";"P00039";"Graphic Tablet";"Electronics";"UrbanStyle";4;353.85;0.05;67.23;6.09;1417.95;"Debit Card";"Delivered";"Columbus";"OH";"United States";"SELL00659"
"ORD0000053";"2024-05-09";"CUST012995";"Ritika Mehta";"P00050";"Novel Bestseller";"Electronics";"NexPro";3;324.76;0.3;34.1;0.75;716.85;"Debit Card";"Shipped";"Seattle";"WA";"United States";"SELL00962"
"ORD0000054";"2023-06-21";"CUST030633";"Ritika Mehta";"P00049";"Children's Book";"Sports & Outdoors";"FitLife";1;491.78;0.1;53.11;5.14;500.85;"Amazon Pay";"Delivered";"Charlotte";"NC";"India";"SELL01002"
"ORD0000055";"2022-04-11";"CUST013482";"Vikas Kumar";"P00044";"Power Bank 20000mAh";"Electronics";"NexPro";4;549.22;0.05;104.35;8.22;2199.61;"UPI";"Delivered";"Chicago";"IL";"United States";"SELL01805"
"ORD0000056";"2024-03-08";"CUST030091";"Arjun Reddy";"P00044";"Power Bank 20000mAh";"Home & Kitchen";"Apex";4;364.08;0.25;131.07;12.95;1236.26;"Credit Card";"Pending";"Chicago";"IL";"United States";"SELL01113"
"ORD0000057";"2023-02-28";"CUST031856";"Neha Verma";"P00022";"Water Bottle";"Sports & Outdoors";"HomeEase";2;509.59;0.0;183.45;3.79;1206.42;"Credit Card";"Shipped";"San Jose";"CA";"United States";"SELL00723"
"ORD0000058";"2024-02-17";"CUST040925";"Vivaan Verma";"P00005";"Laptop Sleeve";"Clothing";"UrbanStyle";5;182.55;0.0;45.64;12.08;970.47;"UPI";"Delivered";"San Diego";"CA";"Canada";"SELL01920"
"ORD0000059";"2021-10-08";"CUST031615";"Arjun Singh";"P00016";"Air Fryer";"Toys & Games";"Apex";3;184.7;0.3;46.54;7.98;442.39;"Debit Card";"Delivered";"Dallas";"TX";"United States";"SELL00280"
"ORD0000060";"2020-01-21";"CUST018312";"Karan Kapoor";"P00027";"Winter Jacket";"Electronics";"NexPro";2;439.8;0.0;43.98;7.55;931.13;"Amazon Pay";"Delivered";"Jacksonville";"FL";"India";"SELL00446"
"ORD0000061";"2022-04-20";"CUST017070";"Aditya Mehta";"P00037";"Router";"Books";"BrightLux";4;593.02;0.05;405.63;9.18;2668.29;"UPI";"Shipped";"Austin";"TX";"India";"SELL00106"
"ORD0000062";"2020-06-15";"CUST026591";"Sunita Kapoor";"P00025";"Running Shoes";"Home & Kitchen";"ReadMore";3;131.36;0.0;70.93;7.25;472.26;"UPI";"Delivered";"Charlotte";"NC";"Canada";"SELL00247"
"ORD0000063";"2023-07-21";"CUST006724";"Simran Reddy";"P00004";"USB-C Charger";"Toys & Games";"HomeEase";3;71.26;0.1;23.09;11.28;226.77;"Credit Card";"Returned";"Fort Worth";"TX";"United States";"SELL00011"
"ORD0000064";"2021-01-22";"CUST026258";"Pooja Reddy";"P00037";"Router";"Books";"CoreTech";5;107.11;0.05;25.44;12.92;547.13;"UPI";"Delivered";"Chicago";"IL";"United States";"SELL01006"
"ORD0000065";"2021-08-23";"CUST000139";"Aarav Verma";"P00039";"Graphic Tablet";"Toys & Games";"Zenith";5;417.28;0.15;88.67;9.65;1871.76;"Amazon Pay";"Returned";"Los Angeles";"CA";"India";"SELL01242"
"ORD0000066";"2020-11-11";"CUST038107";"Sahil Gupta";"P00037";"Router";"Books";"FitLife";2;559.03;0.1;50.31;11.62;1068.18;"Amazon Pay";"Delivered";"Indianapolis";"IN";"United States";"SELL01704"
"ORD0000067";"2020-01-14";"CUST015763";"Anjali Verma";"P00046";"Car Charger";"Home & Kitchen";"BrightLux";4;203.84;0.1;36.69;13.68;784.19;"Net Banking";"Delivered";"Charlotte";"NC";"India";"SELL01548"
"ORD0000068";"2020-08-29";"CUST041458";"Priya Mehta";"P00008";"4K Monitor";"Clothing";"Zenith";4;129.9;0.05;59.23;9.13;561.98;"Net Banking";"Delivered";"Indianapolis";"IN";"United States";"SELL00532"
"ORD0000069";"2022-02-15";"CUST033817";"Mohit Joshi";"P00050";"Novel Bestseller";"Books";"NexPro";5;105.16;0.0;26.29;13.29;565.38;"UPI";"Delivered";"Columbus";"OH";"United States";"SELL01811"
"ORD0000070";"2023-10-01";"CUST041366";"Aarav Gupta";"P00041";"Webcam Full HD";"Electronics";"BrightLux";1;82.79;0.0;6.62;8.76;98.17;"Debit Card";"Delivered";"Denver";"CO";"United States";"SELL01501"
"ORD0000071";"2021-07-18";"CUST005372";"Aman Singh";"P00022";"Water Bottle";"Sports & Outdoors";"Zenith";4;433.7;0.15;176.95;10.58;1662.11;"Debit Card";"Delivered";"San Jose";"CA";"United States";"SELL01168"
"ORD0000072";"2022-06-16";"CUST018135";"Aman Verma";"P00011";"Fitness Band";"Home & Kitchen";"Zenith";3;137.1;0.0;32.9;12.88;457.08;"Amazon Pay";"Shipped";"Jacksonville";"FL";"United States";"SELL01780"
"ORD0000073";"2023-09-25";"CUST043454";"Priya Reddy";"P00027";"Winter Jacket";"Toys & Games";"CoreTech";5;582.66;0.0;233.06;14.07;3160.43;"UPI";"Shipped";"Dallas";"TX";"United States";"SELL00749"
"ORD0000074";"2020-04-01";"CUST007050";"Kabir Kumar";"P00039";"Graphic Tablet";"Home & Kitchen";"CoreTech";2;522.56;0.0;83.61;0.43;1129.16;"Credit Card";"Shipped";"Indianapolis";"IN";"United States";"SELL00221"
"ORD0000075";"2023-10-22";"CUST027444";"Arjun Patel";"P00010";"Smartwatch";"Sports & Outdoors";"NexPro";2;354.18;0.05;80.75;2.49;756.18;"Credit Card";"Shipped";"Houston";"TX";"United States";"SELL01964"
"ORD0000076";"2022-08-13";"CUST042061";"Mohit Reddy";"P00010";"Smartwatch";"Clothing";"CoreTech";4;437.47;0.0;314.98;8.82;2073.68;"Credit Card";"Shipped";"Philadelphia";"PA";"Canada";"SELL01119"
"ORD0000077";"2024-01-18";"CUST016864";"Aman Sharma";"P00026";"Sunglasses";"Toys & Games";"NexPro";1;392.71;0.1;42.41;7.82;403.67;"Debit Card";"Delivered";"San Jose";"CA";"United States";"SELL00376"
"ORD0000078";"2023-12-22";"CUST028956";"Kabir Patel";"P00011";"Fitness Band";"Electronics";"ReadMore";1;592.91;0.05;28.16;6.83;598.25;"Cash on Delivery";"Delivered";"Dallas";"TX";"United States";"SELL00112"
"ORD0000079";"2021-05-23";"CUST001710";"Neha Sharma";"P00009";"Portable SSD 1TB";"Home & Kitchen";"CoreTech";2;76.97;0.0;7.7;4.91;166.55;"Debit Card";"Delivered";"Chicago";"IL";"Australia";"SELL00917"
"ORD0000080";"2022-02-14";"CUST023701";"Vihaan Patel";"P00007";"Mechanical Keyboard";"Electronics";"CoreTech";1;534.31;0.1;57.71;14.47;553.06;"Amazon Pay";"Shipped";"San Francisco";"CA";"India";"SELL01174"
"ORD0000081";"2020-02-04";"CUST005263";"Priya Kumar";"P00010";"Smartwatch";"Toys & Games";"BrightLux";2;402.77;0.05;38.26;13.08;816.6;"UPI";"Delivered";"Austin";"TX";"India";"SELL00371"
"ORD0000082";"2020-07-24";"CUST014979";"Vivaan Kumar";"P00030";"Dress Shirt";"Home & Kitchen";"ReadMore";3;335.1;0.1;72.38;4.24;981.39;"Amazon Pay";"Shipped";"Chicago";"IL";"United States";"SELL00077"
"ORD0000083";"2023-01-09";"CUST038225";"Ritika Verma";"P00016";"Air Fryer";"Books";"UrbanStyle";3;258.13;0.05;132.42;7.69;875.78;"UPI";"Delivered";"Austin";"TX";"United States";"SELL01872"
"ORD0000084";"2024-05-04";"CUST028769";"Aditya Joshi";"P00040";"Microphone";"Sports & Outdoors";"KiddoFun";1;594.67;0.15;40.44;7.22;553.13;"Debit Card";"Delivered";"Fort Worth";"TX";"United States";"SELL00198"
"ORD0000085";"2023-11-12";"CUST049605";"Aditya Reddy";"P00036";"Smart Light Bulb";"Electronics";"HomeEase";4;494.13;0.05;225.32;7.18;2110.19;"Credit Card";"Delivered";"Austin";"TX";"United States";"SELL00087"
"ORD0000086";"2022-10-22";"CUST015624";"Arjun Singh";"P00017";"Electric Kettle";"Sports & Outdoors";"KiddoFun";4;15.47;0.05;10.58;3.91;73.28;"Credit Card";"Shipped";"Houston";"TX";"United States";"SELL01618"
"ORD0000087";"2022-10-18";"CUST026490";"Neha Reddy";"P00017";"Electric Kettle";"Sports & Outdoors";"UrbanStyle";4;28.59;0.0;20.58;13.02;147.96;"Credit Card";"Delivered";"Los Angeles";"CA";"United States";"SELL01735"
"ORD0000088";"2023-11-14";"CUST001370";"Mohit Gupta";"P00023";"Cookware Set";"Electronics";"HomeEase";5;456.58;0.15;155.24;7.48;2103.18;"Amazon Pay";"Delivered";"Philadelphia";"PA";"Canada";"SELL01951"
"ORD0000089";"2021-07-19";"CUST043394";"Aman Kapoor";"P00029";"T-Shirt";"Books";"Zenith";3;324.31;0.2;62.27;4.63;845.24;"Debit Card";"Delivered";"Denver";"CO";"United States";"SELL00041"
"ORD0000090";"2023-02-03";"CUST039077";"Karan Kumar";"P00015";"Instant Pot";"Books";"ReadMore";5;342.26;0.2;109.52;7.29;1485.85;"Credit Card";"Pending";"Fort Worth";"TX";"United States";"SELL00271"
"ORD0000091";"2024-11-30";"CUST007564";"Sahil Kumar";"P00016";"Air Fryer";"Clothing";"NexPro";5;201.16;0.2;64.37;9.38;878.39;"UPI";"Delivered";"Denver";"CO";"United States";"SELL00155"
"ORD0000092";"2024-02-09";"CUST033299";"Priya Mehta";"P00045";"Phone Tripod";"Sports & Outdoors";"ReadMore";4;555.99;0.05;253.53;1.26;2367.55;"Net Banking";"Cancelled";"Dallas";"TX";"United States";"SELL01704"
"ORD0000093";"2021-12-03";"CUST039707";"Vikas Joshi";"P00022";"Water Bottle";"Home & Kitchen";"UrbanStyle";5;138.56;0.2;27.71;7.71;589.66;"UPI";"Shipped";"San Francisco";"CA";"United States";"SELL00861"
"ORD0000094";"2021-02-05";"CUST043458";"Aman Joshi";"P00048";"Wireless Charger";"Clothing";"HomeEase";4;409.78;0.0;295.04;14.29;1948.45;"UPI";"Shipped";"Dallas";"TX";"United States";"SELL00572"
"ORD0000095";"2021-12-30";"CUST001552";"Vihaan Kumar";"P00045";"Phone Tripod";"Electronics";"KiddoFun";4;42.31;0.1;12.19;1.28;165.79;"Amazon Pay";"Delivered";"Chicago";"IL";"United States";"SELL01732"
"ORD0000096";"2024-04-28";"CUST039426";"Sneha Verma";"P00043";"HDMI Cable 2m";"Electronics";"NexPro";1;170.88;0.2;16.4;7.6;160.7;"Credit Card";"Delivered";"Charlotte";"NC";"United States";"SELL01461"
"ORD0000097";"2020-06-10";"CUST049557";"Anjali Sharma";"P00048";"Wireless Charger";"Books";"NexPro";3;548.17;0.05;0.0;2.63;1564.91;"UPI";"Delivered";"Fort Worth";"TX";"United States";"SELL00108"
"ORD0000098";"2020-07-20";"CUST033386";"Ritika Reddy";"P00036";"Smart Light Bulb";"Electronics";"CoreTech";4;260.91;0.0;83.49;2.86;1129.99;"UPI";"Returned";"San Francisco";"CA";"United States";"SELL01544"
"ORD0000099";"2022-09-22";"CUST018449";"Sneha Kapoor";"P00028";"Jeans";"Books";"CoreTech";5;384.56;0.15;130.75;12.62;1777.75;"UPI";"Delivered";"Chicago";"IL";"United States";"SELL00992"
"ORD0000100";"2020-09-26";"CUST012492";"Sneha Sharma";"P00023";"Cookware Set";"Electronics";"Apex";1;206.2;0.0;16.5;9.08;231.78;"Credit Card";"Delivered";"Phoenix";"AZ";"India";"SELL00337"
"ORD0000101";"2022-03-26";"CUST015367";"Aditya Sharma";"P00018";"Vacuum Cleaner";"Sports & Outdoors";"ReadMore";4;369.47;0.25;199.51;4.56;1312.48;"Credit Card";"Delivered";"Philadelphia";"PA";"United States";"SELL01672"
"ORD0000102";"2023-07-18";"CUST009929";"Sneha Verma";"P00014";"Drone Mini";"Books";"FitLife";1;29.37;0.0;1.47;5.45;36.29;"Credit Card";"Delivered";"New York";"NY";"United States";"SELL00848"
"ORD0000103";"2021-03-31";"CUST030254";"Vivaan Patel";"P00045";"Phone Tripod";"Home & Kitchen";"Apex";2;159.82;0.05;15.18;2.55;321.39;"Debit Card";"Delivered";"San Diego";"CA";"United States";"SELL00127"
"ORD0000104";"2024-01-25";"CUST041994";"Aditya Reddy";"P00031";"Kids Toy Car";"Toys & Games";"CoreTech";4;548.39;0.0;109.68;12.26;2315.5;"UPI";"Delivered";"Indianapolis";"IN";"United States";"SELL00607"
"ORD0000105";"2024-10-16";"CUST034561";"Sneha Gupta";"P00033";"Puzzle 1000pc";"Electronics";"HomeEase";3;99.05;0.05;33.88;0.71;316.88;"Credit Card";"Delivered";"Austin";"TX";"United States";"SELL01742"
"ORD0000106";"2023-06-29";"CUST028297";"Neha Kumar";"P00017";"Electric Kettle";"Toys & Games";"BrightLux";1;113.27;0.05;5.38;0.22;113.21;"UPI";"Delivered";"Austin";"TX";"United States";"SELL00553"
"ORD0000107";"2022-10-13";"CUST002237";"Sahil Singh";"P00036";"Smart Light Bulb";"Sports & Outdoors";"UrbanStyle";3;297.26;0.05;101.66;5.24;954.09;"Credit Card";"Pending";"Indianapolis";"IN";"United States";"SELL00371"
"ORD0000108";"2024-09-21";"CUST007600";"Ritika Kapoor";"P00034";"Desk Organizer";"Clothing";"HomeEase";1;483.5;0.0;38.68;4.62;526.8;"Debit Card";"Delivered";"Los Angeles";"CA";"United States";"SELL01189"
"ORD0000109";"2020-10-22";"CUST010526";"Neha Kumar";"P00005";"Laptop Sleeve";"Sports & Outdoors";"HomeEase";3;127.42;0.15;16.25;1.88;343.05;"Debit Card";"Delivered";"Dallas";"TX";"United States";"SELL01545"
"ORD0000110";"2024-10-14";"CUST024904";"Neha Mehta";"P00023";"Cookware Set";"Sports & Outdoors";"HomeEase";5;520.69;0.0;130.17;9.98;2743.6;"Net Banking";"Delivered";"Phoenix";"AZ";"India";"SELL00617"
"ORD0000111";"2021-12-20";"CUST033463";"Rohit Verma";"P00029";"T-Shirt";"Clothing";"BrightLux";5;61.48;0.0;55.33;2.64;365.37;"Amazon Pay";"Delivered";"San Antonio";"TX";"United States";"SELL01848"
"ORD0000112";"2024-11-07";"CUST015883";"Vihaan Mehta";"P00022";"Water Bottle";"Books";"KiddoFun";5;314.0;0.0;282.6;8.14;1860.74;"Debit Card";"Delivered";"San Francisco";"CA";"United States";"SELL01322"
"ORD0000113";"2020-12-03";"CUST035697";"Vikas Mehta";"P00024";"Yoga Mat";"Sports & Outdoors";"UrbanStyle";4;189.7;0.25;28.46;13.2;610.76;"Amazon Pay";"Cancelled";"Austin";"TX";"United States";"SELL00915"
"ORD0000114";"2022-05-28";"CUST010676";"Karan Joshi";"P00036";"Smart Light Bulb";"Clothing";"HomeEase";2;103.29;0.2;0.0;0.55;165.81;"Amazon Pay";"Shipped";"San Antonio";"TX";"United States";"SELL01203"
"ORD0000115";"2022-12-12";"CUST037855";"Vivaan Verma";"P00012";"Noise Cancelling Headphones";"Home & Kitchen";"UrbanStyle";3;167.08;0.0;40.1;7.29;548.63;"Amazon Pay";"Delivered";"Los Angeles";"CA";"United States";"SELL01649"
"ORD0000116";"2022-03-02";"CUST013803";"Vivaan Mehta";"P00021";"Backpack";"Sports & Outdoors";"KiddoFun";4;468.57;0.25;70.29;14.63;1490.63;"Debit Card";"Shipped";"Los Angeles";"CA";"United States";"SELL01188"
"ORD0000117";"2020-08-04";"CUST041291";"Anjali Verma";"P00042";"Projector Mini";"Clothing";"HomeEase";2;25.31;0.0;0.0;14.69;65.31;"Debit Card";"Shipped";"Fort Worth";"TX";"United States";"SELL01963"
"ORD0000118";"2022-02-02";"CUST025351";"Sneha Kumar";"P00006";"Gaming Mouse";"Sports & Outdoors";"KiddoFun";2;590.96;0.05;134.74;5.5;1263.06;"Credit Card";"Delivered";"Denver";"CO";"United States";"SELL00011"
"ORD0000119";"2020-07-06";"CUST023478";"Rohit Reddy";"P00009";"Portable SSD 1TB";"Home & Kitchen";"FitLife";2;433.24;0.05;98.78;10.23;932.17;"Cash on Delivery";"Shipped";"Philadelphia";"PA";"United States";"SELL01044"
"ORD0000120";"2021-01-14";"CUST029783";"Simran Singh";"P00050";"Novel Bestseller";"Books";"CoreTech";4;187.75;0.05;128.42;9.52;851.39;"Credit Card";"Delivered";"San Francisco";"CA";"United States";"SELL01527"
"ORD0000121";"2021-05-07";"CUST001056";"Karan Singh";"P00017";"Electric Kettle";"Toys & Games";"Zenith";5;230.99;0.15;117.8;10.69;1110.2;"UPI";"Delivered";"Columbus";"OH";"United States";"SELL01639"
"ORD0000122";"2022-11-30";"CUST026942";"Pooja Joshi";"P00008";"4K Monitor";"Sports & Outdoors";"Zenith";5;246.13;0.1;0.0;9.69;1117.28;"Amazon Pay";"Shipped";"Austin";"TX";"Canada";"SELL00632"
"ORD0000123";"2023-03-26";"CUST027791";"Sneha Verma";"P00050";"Novel Bestseller";"Home & Kitchen";"ReadMore";1;18.66;0.0;0.93;5.03;24.62;"Amazon Pay";"Delivered";"San Francisco";"CA";"United States";"SELL00745"
"ORD0000124";"2020-01-15";"CUST019410";"Simran Reddy";"P00043";"HDMI Cable 2m";"Clothing";"HomeEase";2;48.99;0.25;3.67;1.59;78.74;"Amazon Pay";"Delivered";"San Jose";"CA";"United States";"SELL00146"
"ORD0000125";"2020-03-05";"CUST009308";"Vihaan Sharma";"P00021";"Backpack";"Sports & Outdoors";"HomeEase";5;200.05;0.05;114.03;2.34;1066.61;"Credit Card";"Delivered";"Houston";"TX";"United Kingdom";"SELL00770"
"ORD0000126";"2021-06-04";"CUST004285";"Sahil Sharma";"P00008";"4K Monitor";"Electronics";"Apex";4;149.47;0.0;71.75;10.48;680.11;"UPI";"Delivered";"Houston";"TX";"United States";"SELL01530"
"ORD0000127";"2023-09-29";"CUST037966";"Aditya Kumar";"P00027";"Winter Jacket";"Sports & Outdoors";"CoreTech";3;460.51;0.05;157.49;3.17;1473.11;"Credit Card";"Delivered";"Charlotte";"NC";"United States";"SELL01372"
"ORD0000128";"2023-02-26";"CUST025421";"Mohit Mehta";"P00050";"Novel Bestseller";"Home & Kitchen";"Zenith";5;141.31;0.15;72.07;14.56;687.2;"Debit Card";"Delivered";"Denver";"CO";"United States";"SELL01574"
"ORD0000129";"2021-10-09";"CUST039352";"Neha Joshi";"P00010";"Smartwatch";"Books";"Apex";3;204.15;0.1;66.14;10.09;627.44;"Credit Card";"Delivered";"Dallas";"TX";"United States";"SELL00583"
"ORD0000130";"2024-02-04";"CUST032886";"Rohit Mehta";"P00015";"Instant Pot";"Books";"BrightLux";4;577.36;0.2;92.38;4.08;1944.01;"Debit Card";"Delivered";"Houston";"TX";"United States";"SELL00736"
"ORD0000131";"2022-12-22";"CUST014360";"Vivaan Singh";"P00050";"Novel Bestseller";"Electronics";"ReadMore";2;509.27;0.0;0.0;6.71;1025.25;"Net Banking";"Shipped";"Los Angeles";"CA";"United States";"SELL01332"
"ORD0000132";"2023-03-08";"CUST007708";"Sunita Sharma";"P00028";"Jeans";"Clothing";"Zenith";3;496.12;0.0;74.42;5.91;1568.69;"Net Banking";"Returned";"Charlotte";"NC";"Australia";"SELL00248"
"ORD0000133";"2024-03-02";"CUST013067";"Sunita Gupta";"P00026";"Sunglasses";"Clothing";"KiddoFun";3;497.74;0.0;179.19;7.58;1679.99;"Credit Card";"Delivered";"Seattle";"WA";"United States";"SELL01907"
"ORD0000134";"2021-08-15";"CUST046835";"Simran Gupta";"P00043";"HDMI Cable 2m";"Books";"UrbanStyle";4;384.81;0.0;184.71;13.11;1737.06;"Credit Card";"Cancelled";"San Diego";"CA";"United States";"SELL01180"
"ORD0000135";"2021-01-26";"CUST011228";"Karan Reddy";"P00003";"Smartphone Case";"Toys & Games";"HomeEase";2;321.46;0.1;69.44;5.41;653.48;"Cash on Delivery";"Delivered";"Los Angeles";"CA";"India";"SELL00715"
"ORD0000136";"2024-08-25";"CUST046806";"Neha Singh";"P00013";"Action Camera";"Toys & Games";"ReadMore";5;498.26;0.05;189.34;3.64;2559.72;"UPI";"Shipped";"Washington";"DC";"United Kingdom";"SELL00709"
"ORD0000137";"2021-02-22";"CUST014033";"Rohit Gupta";"P00049";"Children's Book";"Books";"FitLife";5;211.88;0.1;76.28;9.75;1039.49;"UPI";"Delivered";"Philadelphia";"PA";"United States";"SELL00278"
"ORD0000138";"2020-10-15";"CUST040569";"Rohit Sharma";"P00030";"Dress Shirt";"Clothing";"ReadMore";2;333.88;0.05;0.0;10.61;644.98;"Credit Card";"Shipped";"Jacksonville";"FL";"India";"SELL01341"
"ORD0000139";"2021-01-13";"CUST041172";"Ritika Reddy";"P00015";"Instant Pot";"Electronics";"HomeEase";2;522.65;0.05;79.44;13.86;1086.33;"Credit Card";"Delivered";"Fort Worth";"TX";"United States";"SELL00699"
"ORD0000140";"2024-12-01";"CUST001601";"Vivaan Patel";"P00005";"Laptop Sleeve";"Toys & Games";"UrbanStyle";4;67.78;0.05;20.61;11.17;289.34;"Cash on Delivery";"Delivered";"Columbus";"OH";"United States";"SELL01558"
"ORD0000141";"2024-02-22";"CUST046508";"Vivaan Sharma";"P00032";"Board Game";"Books";"Zenith";5;22.67;0.0;0.0;13.16;126.51;"Debit Card";"Delivered";"Seattle";"WA";"United States";"SELL00940"
"ORD0000142";"2020-08-18";"CUST027712";"Ritika Joshi";"P00017";"Electric Kettle";"Home & Kitchen";"UrbanStyle";5;544.52;0.25;245.03;2.79;2289.77;"Cash on Delivery";"Pending";"San Antonio";"TX";"United States";"SELL00796"
"ORD0000143";"2022-10-14";"CUST029705";"Aman Reddy";"P00046";"Car Charger";"Electronics";"CoreTech";1;431.01;0.0;0.0;2.23;433.24;"Amazon Pay";"Shipped";"Houston";"TX";"United States";"SELL00143"
"ORD0000144";"2020-02-10";"CUST008224";"Mohit Sharma";"P00049";"Children's Book";"Books";"NexPro";3;346.56;0.15;44.19;1.85;929.77;"Credit Card";"Delivered";"Philadelphia";"PA";"United States";"SELL01971"
"ORD0000145";"2022-11-17";"CUST046362";"Aman Verma";"P00039";"Graphic Tablet";"Books";"BrightLux";1;87.79;0.0;15.8;10.92;114.51;"Credit Card";"Delivered";"New York";"NY";"United Kingdom";"SELL00338"
"ORD0000146";"2020-05-14";"CUST005950";"Mohit Verma";"P00015";"Instant Pot";"Home & Kitchen";"HomeEase";4;596.8;0.05;272.14;2.1;2542.08;"Credit Card";"Delivered";"Washington";"DC";"India";"SELL00864"
"ORD0000147";"2020-07-19";"CUST037485";"Kabir Verma";"P00015";"Instant Pot";"Electronics";"KiddoFun";1;194.17;0.0;9.71;5.33;209.21;"Credit Card";"Delivered";"San Francisco";"CA";"India";"SELL01097"
"ORD0000148";"2022-02-18";"CUST027818";"Sneha Mehta";"P00027";"Winter Jacket";"Clothing";"CoreTech";2;42.52;0.05;4.04;11.11;95.94;"Credit Card";"Delivered";"Chicago";"IL";"United States";"SELL00776"
"ORD0000149";"2022-07-18";"CUST048304";"Vihaan Kapoor";"P00032";"Board Game";"Toys & Games";"Apex";3;262.02;0.15;120.27;7.09;795.51;"Credit Card";"Returned";"Chicago";"IL";"United States";"SELL00433"
"ORD0000150";"2022-11-22";"CUST033670";"Sneha Kapoor";"P00009";"Portable SSD 1TB";"Toys & Games";"NexPro";3;43.8;0.0;10.51;6.23;148.14;"Cash on Delivery";"Shipped";"Columbus";"OH";"United States";"SELL00027"
"ORD0000151";"2022-12-07";"CUST038774";"Kabir Sharma";"P00015";"Instant Pot";"Clothing";"ReadMore";4;306.01;0.3;42.84;9.24;908.91;"Debit Card";"Delivered";"Austin";"TX";"United Kingdom";"SELL00672"
"ORD0000152";"2021-05-17";"CUST026880";"Kabir Verma";"P00029";"T-Shirt";"Sports & Outdoors";"Zenith";4;251.6;0.1;108.69;13.75;1028.2;"Net Banking";"Delivered";"New York";"NY";"United Kingdom";"SELL00229"
"ORD0000153";"2021-02-10";"CUST044830";"Karan Kapoor";"P00003";"Smartphone Case";"Electronics";"ReadMore";3;431.79;0.0;64.77;11.24;1371.38;"Credit Card";"Delivered";"Columbus";"OH";"United States";"SELL01889"
"ORD0000154";"2024-05-16";"CUST040087";"Ritika Reddy";"P00023";"Cookware Set";"Books";"Apex";4;291.13;0.15;49.49;2.52;1041.85;"Debit Card";"Delivered";"Phoenix";"AZ";"United Kingdom";"SELL01455"
"ORD0000155";"2024-10-17";"CUST026727";"Anjali Gupta";"P00025";"Running Shoes";"Clothing";"Apex";3;414.46;0.25;111.9;4.69;1049.12;"Amazon Pay";"Delivered";"Philadelphia";"PA";"United States";"SELL00945"
"ORD0000156";"2022-03-15";"CUST011225";"Rohit Patel";"P00026";"Sunglasses";"Electronics";"BrightLux";3;180.87;0.0;27.13;2.04;571.78;"Debit Card";"Delivered";"Seattle";"WA";"United States";"SELL00850"
"ORD0000157";"2020-04-08";"CUST031885";"Sneha Gupta";"P00047";"Memory Card 128GB";"Sports & Outdoors";"NexPro";5;104.18;0.1;0.0;8.69;477.5;"Credit Card";"Shipped";"Phoenix";"AZ";"United Kingdom";"SELL01363"
"ORD0000158";"2021-11-14";"CUST016025";"Sunita Singh";"P00045";"Phone Tripod";"Books";"NexPro";2;400.69;0.1;57.7;10.68;789.62;"Credit Card";"Pending";"Houston";"TX";"Canada";"SELL01573"
"ORD0000159";"2021-12-26";"CUST036113";"Priya Joshi";"P00007";"Mechanical Keyboard";"Home & Kitchen";"FitLife";3;479.99;0.25;129.6;8.69;1218.27;"UPI";"Delivered";"Austin";"TX";"United States";"SELL01598"
"ORD0000160";"2024-04-19";"CUST043628";"Anjali Verma";"P00008";"4K Monitor";"Sports & Outdoors";"CoreTech";1;247.54;0.05;28.22;2.07;265.45;"Amazon Pay";"Delivered";"Chicago";"IL";"United States";"SELL00412"
"ORD0000161";"2022-08-18";"CUST020507";"Aarav Joshi";"P00026";"Sunglasses";"Toys & Games";"FitLife";3;14.51;0.05;4.96;0.82;47.13;"Credit Card";"Delivered";"Seattle";"WA";"United States";"SELL00708"
"ORD0000162";"2024-10-28";"CUST012422";"Kabir Kapoor";"P00018";"Vacuum Cleaner";"Electronics";"NexPro";5;216.33;0.2;0.0;9.73;875.05;"Credit Card";"Delivered";"San Antonio";"TX";"United States";"SELL01169"
"ORD0000163";"2021-09-04";"CUST009807";"Vihaan Verma";"P00039";"Graphic Tablet";"Home & Kitchen";"ReadMore";3;38.53;0.0;5.78;8.4;129.77;"Debit Card";"Delivered";"San Antonio";"TX";"United States";"SELL00551"
"ORD0000164";"2024-01-25";"CUST048496";"Sahil Kumar";"P00016";"Air Fryer";"Electronics";"NexPro";3;465.66;0.1;62.86;0.89;1321.03;"Amazon Pay";"Returned";"Dallas";"TX";"United States";"SELL00141"
"ORD0000165";"2021-10-04";"CUST029400";"Aman Gupta";"P00015";"Instant Pot";"Electronics";"BrightLux";5;35.27;0.0;21.16;12.99;210.5;"Debit Card";"Delivered";"Philadelphia";"PA";"United States";"SELL01482"
"ORD0000166";"2024-11-27";"CUST004811";"Arjun Patel";"P00038";"External HDD 2TB";"Home & Kitchen";"UrbanStyle";2;82.5;0.05;18.81;13.79;189.35;"Credit Card";"Delivered";"San Francisco";"CA";"United States";"SELL00910"
"ORD0000167";"2022-10-25";"CUST008669";"Aditya Kumar";"P00035";"Desk Plant";"Home & Kitchen";"KiddoFun";4;298.96;0.1;86.1;3.63;1165.99;"Amazon Pay";"Delivered";"Jacksonville";"FL";"United States";"SELL00243"
"ORD0000168";"2023-05-26";"CUST035784";"Vikas Gupta";"P00015";"Instant Pot";"Toys & Games";"NexPro";5;232.62;0.05;88.4;9.35;1202.7;"Credit Card";"Shipped";"Austin";"TX";"United States";"SELL01837"
"ORD0000169";"2021-05-17";"CUST027512";"Mohit Joshi";"P00011";"Fitness Band";"Books";"Apex";4;493.2;0.2;189.39;3.74;1771.37;"Net Banking";"Delivered";"Dallas";"TX";"Canada";"SELL00878"
"ORD0000170";"2022-02-05";"CUST023754";"Sahil Gupta";"P00043";"HDMI Cable 2m";"Clothing";"BrightLux";4;497.42;0.05;226.82;12.34;2129.36;"Debit Card";"Delivered";"Jacksonville";"FL";"Canada";"SELL01838"
"ORD0000171";"2021-02-01";"CUST011579";"Kabir Reddy";"P00050";"Novel Bestseller";"Clothing";"KiddoFun";1;154.24;0.05;17.58;9.86;173.97;"UPI";"Delivered";"Denver";"CO";"United States";"SELL01005"
"ORD0000172";"2022-05-20";"CUST003082";"Aarav Reddy";"P00024";"Yoga Mat";"Sports & Outdoors";"UrbanStyle";3;497.52;0.15;228.36;0.91;1497.95;"Credit Card";"Delivered";"Austin";"TX";"United States";"SELL00319"
"ORD0000173";"2022-03-05";"CUST040193";"Priya Verma";"P00025";"Running Shoes";"Books";"UrbanStyle";4;64.53;0.0;0.0;13.67;271.79;"Amazon Pay";"Delivered";"New York";"NY";"United States";"SELL00210"
"ORD0000174";"2021-01-27";"CUST014061";"Arjun Gupta";"P00020";"Office Chair";"Electronics";"FitLife";4;331.21;0.0;66.24;5.9;1396.98;"Net Banking";"Delivered";"San Jose";"CA";"United States";"SELL00101"
"ORD0000175";"2020-07-25";"CUST028212";"Vihaan Verma";"P00015";"Instant Pot";"Clothing";"NexPro";4;155.87;0.1;28.06;7.79;596.98;"Credit Card";"Delivered";"Los Angeles";"CA";"United States";"SELL01555"
"ORD0000176";"2022-11-04";"CUST010967";"Sahil Singh";"P00004";"USB-C Charger";"Clothing";"CoreTech";1;598.75;0.1;26.94;3.35;569.17;"Credit Card";"Returned";"Denver";"CO";"United Kingdom";"SELL00727"
"ORD0000177";"2024-04-26";"CUST022674";"Pooja Gupta";"P00036";"Smart Light Bulb";"Electronics";"HomeEase";5;489.41;0.05;278.96;7.24;2610.9;"Amazon Pay";"Delivered";"Chicago";"IL";"United States";"SELL00062"
"ORD0000178";"2022-06-10";"CUST048983";"Kabir Kumar";"P00006";"Gaming Mouse";"Toys & Games";"Zenith";4;131.22;0.1;0.0;14.12;486.51;"Debit Card";"Delivered";"Charlotte";"NC";"India";"SELL00530"
"ORD0000179";"2024-01-24";"CUST016133";"Anjali Kumar";"P00014";"Drone Mini";"Toys & Games";"HomeEase";2;176.38;0.05;26.81;11.05;372.98;"Net Banking";"Delivered";"Los Angeles";"CA";"United States";"SELL00395"
"ORD0000180";"2024-09-10";"CUST044928";"Pooja Reddy";"P00001";"Wireless Earbuds";"Sports & Outdoors";"CoreTech";1;418.7;0.3;23.45;4.48;321.02;"UPI";"Delivered";"Jacksonville";"FL";"United States";"SELL00811"
"ORD0000181";"2024-05-17";"CUST024560";"Neha Gupta";"P00010";"Smartwatch";"Home & Kitchen";"ReadMore";2;531.4;0.0;127.54;4.49;1194.83;"Cash on Delivery";"Delivered";"Dallas";"TX";"United States";"SELL00296"
"ORD0000182";"2022-05-13";"CUST019814";"Vivaan Verma";"P00050";"Novel Bestseller";"Books";"CoreTech";5;341.7;0.1;276.78;1.7;1816.13;"Amazon Pay";"Delivered";"New York";"NY";"United States";"SELL01602"
"ORD0000183";"2022-01-12";"CUST015222";"Karan Gupta";"P00016";"Air Fryer";"Electronics";"ReadMore";2;375.82;0.05;35.7;13.55;763.31;"Amazon Pay";"Returned";"Houston";"TX";"Australia";"SELL00166"
"ORD0000184";"2023-06-18";"CUST015733";"Vivaan Sharma";"P00025";"Running Shoes";"Home & Kitchen";"FitLife";3;99.26;0.0;23.82;5.19;326.79;"UPI";"Shipped";"Fort Worth";"TX";"United States";"SELL00041"
"ORD0000185";"2021-07-17";"CUST023655";"Anjali Singh";"P00026";"Sunglasses";"Home & Kitchen";"Zenith";2;572.09;0.0;91.53;2.64;1238.35;"Credit Card";"Shipped";"Chicago";"IL";"United States";"SELL00773"
"ORD0000186";"2022-10-17";"CUST021204";"Pooja Singh";"P00042";"Projector Mini";"Toys & Games";"UrbanStyle";2;495.32;0.0;49.53;10.01;1050.18;"Credit Card";"Pending";"Phoenix";"AZ";"United States";"SELL01469"
"ORD0000187";"2020-04-05";"CUST016221";"Simran Reddy";"P00049";"Children's Book";"Sports & Outdoors";"Zenith";2;190.82;0.2;15.27;7.58;328.16;"Debit Card";"Delivered";"San Diego";"CA";"Canada";"SELL00701"
"ORD0000188";"2024-10-23";"CUST036912";"Karan Reddy";"P00004";"USB-C Charger";"Home & Kitchen";"BrightLux";1;50.92;0.2;3.26;1.3;45.3;"Net Banking";"Delivered";"Philadelphia";"PA";"United States";"SELL01658"
"ORD0000189";"2021-04-29";"CUST043111";"Aarav Verma";"P00033";"Puzzle 1000pc";"Toys & Games";"FitLife";5;129.25;0.15;43.94;6.24;599.49;"Credit Card";"Shipped";"Charlotte";"NC";"United States";"SELL00429"
"ORD0000190";"2023-12-01";"CUST034016";"Aditya Singh";"P00046";"Car Charger";"Sports & Outdoors";"Zenith";3;416.84;0.15;85.04;14.4;1162.38;"Debit Card";"Delivered";"Phoenix";"AZ";"United States";"SELL01532"
"ORD0000191";"2020-08-18";"CUST040748";"Sahil Sharma";"P00030";"Dress Shirt";"Sports & Outdoors";"KiddoFun";5;319.28;0.05;75.83;12.39;1604.8;"Amazon Pay";"Delivered";"San Diego";"CA";"United States";"SELL00430"
"ORD0000192";"2022-01-18";"CUST004207";"Vikas Kapoor";"P00040";"Microphone";"Books";"Zenith";2;67.54;0.05;10.27;1.64;140.24;"Amazon Pay";"Delivered";"San Antonio";"TX";"Canada";"SELL00302"
"ORD0000193";"2024-08-05";"CUST041282";"Sahil Singh";"P00012";"Noise Cancelling Headphones";"Toys & Games";"ReadMore";2;289.23;0.1;0.0;13.08;533.69;"Amazon Pay";"Delivered";"Indianapolis";"IN";"United States";"SELL00733"
"ORD0000194";"2023-04-09";"CUST044672";"Karan Singh";"P00019";"LED Desk Lamp";"Home & Kitchen";"ReadMore";2;373.58;0.2;47.82;8.74;654.29;"Credit Card";"Delivered";"San Jose";"CA";"United States";"SELL00785"
"ORD0000195";"2021-06-24";"CUST004859";"Vivaan Gupta";"P00009";"Portable SSD 1TB";"Sports & Outdoors";"Zenith";4;359.89;0.05;68.38;13.15;1449.11;"Credit Card";"Delivered";"Washington";"DC";"United States";"SELL00999"
"ORD0000196";"2022-11-25";"CUST007154";"Vikas Sharma";"P00026";"Sunglasses";"Toys & Games";"NexPro";5;449.1;0.1;101.05;7.48;2129.48;"Net Banking";"Delivered";"San Diego";"CA";"United States";"SELL01298"
"ORD0000197";"2021-06-08";"CUST035993";"Vikas Kumar";"P00015";"Instant Pot";"Electronics";"ReadMore";3;270.41;0.1;36.51;3.91;770.53;"Amazon Pay";"Delivered";"Houston";"TX";"United States";"SELL00557"
"ORD0000198";"2023-03-29";"CUST027565";"Sneha Verma";"P00019";"LED Desk Lamp";"Home & Kitchen";"CoreTech";2;387.31;0.0;92.95;7.12;874.69;"Debit Card";"Delivered";"San Francisco";"CA";"United States";"SELL01488"
"ORD0000199";"2024-09-18";"CUST010007";"Vikas Reddy";"P00048";"Wireless Charger";"Books";"Apex";3;272.14;0.0;97.97;11.16;925.55;"UPI";"Delivered";"San Jose";"CA";"Canada";"SELL00096"
"ORD0000200";"2023-06-20";"CUST022505";"Karan Kapoor";"P00034";"Desk Organizer";"Home & Kitchen";"FitLife";1;420.62;0.0;21.03;5.69;447.34;"Amazon Pay";"Shipped";"Dallas";"TX";"United States";"SELL01489"
"ORD0000201";"2023-01-14";"CUST007081";"Arjun Kumar";"P00031";"Kids Toy Car";"Clothing";"HomeEase";4;575.93;0.0;0.0;14.5;2318.22;"Credit Card";"Delivered";"Dallas";"TX";"India";"SELL00230"
"ORD0000202";"2024-12-24";"CUST042401";"Mohit Singh";"P00019";"LED Desk Lamp";"Toys & Games";"BrightLux";5;167.97;0.0;0.0;8.35;848.2;"UPI";"Delivered";"Dallas";"TX";"United States";"SELL00039"
"ORD0000203";"2021-07-31";"CUST040825";"Karan Sharma";"P00008";"4K Monitor";"Toys & Games";"UrbanStyle";5;471.14;0.0;188.46;4.18;2548.34;"Amazon Pay";"Delivered";"Denver";"CO";"Canada";"SELL00154"
"ORD0000204";"2021-11-12";"CUST022812";"Mohit Patel";"P00041";"Webcam Full HD";"Toys & Games";"UrbanStyle";3;461.7;0.05;65.79;13.58;1395.21;"Credit Card";"Returned";"Fort Worth";"TX";"India";"SELL01177"
"ORD0000205";"2021-07-10";"CUST029448";"Karan Kumar";"P00036";"Smart Light Bulb";"Sports & Outdoors";"FitLife";2;303.77;0.25;22.78;11.47;489.9;"UPI";"Delivered";"Columbus";"OH";"Australia";"SELL00122"
"ORD0000206";"2024-05-16";"CUST025313";"Pooja Singh";"P00017";"Electric Kettle";"Electronics";"NexPro";4;312.36;0.1;0.0;2.52;1127.02;"Credit Card";"Delivered";"Columbus";"OH";"United States";"SELL01958"
"ORD0000207";"2022-10-09";"CUST029438";"Vihaan Mehta";"P00046";"Car Charger";"Books";"Zenith";3;59.09;0.15;0.0;14.12;164.8;"Net Banking";"Delivered";"Chicago";"IL";"India";"SELL00705"
"ORD0000208";"2021-10-07";"CUST001181";"Vivaan Joshi";"P00022";"Water Bottle";"Books";"ReadMore";1;266.91;0.05;20.29;7.33;281.18;"Amazon Pay";"Delivered";"Phoenix";"AZ";"India";"SELL01609"
"ORD0000209";"2022-03-06";"CUST017264";"Sneha Kumar";"P00031";"Kids Toy Car";"Electronics";"KiddoFun";3;568.01;0.0;0.0;12.94;1716.97;"Credit Card";"Delivered";"San Jose";"CA";"United Kingdom";"SELL01838"
"ORD0000210";"2022-11-17";"CUST039608";"Simran Patel";"P00049";"Children's Book";"Books";"UrbanStyle";2;454.72;0.05;69.12;0.31;933.4;"Net Banking";"Shipped";"Los Angeles";"CA";"India";"SELL01140"
"ORD0000211";"2024-07-01";"CUST019237";"Priya Kumar";"P00035";"Desk Plant";"Books";"BrightLux";3;189.12;0.2;36.31;3.6;493.8;"Debit Card";"Delivered";"New York";"NY";"United Kingdom";"SELL00479"
"ORD0000212";"2024-04-28";"CUST035731";"Sneha Sharma";"P00032";"Board Game";"Home & Kitchen";"BrightLux";5;104.68;0.15;35.59;2.38;482.86;"UPI";"Delivered";"Washington";"DC";"United States";"SELL00157"
"ORD0000213";"2023-09-25";"CUST012280";"Rohit Mehta";"P00049";"Children's Book";"Sports & Outdoors";"BrightLux";2;116.03;0.2;14.85;5.54;206.04;"Cash on Delivery";"Delivered";"Columbus";"OH";"India";"SELL01375"
"ORD0000214";"2024-12-26";"CUST003507";"Anjali Gupta";"P00017";"Electric Kettle";"Clothing";"Apex";3;83.31;0.0;19.99;3.48;273.4;"UPI";"Delivered";"Fort Worth";"TX";"United States";"SELL00159"
"ORD0000215";"2023-09-16";"CUST023893";"Aditya Gupta";"P00002";"Bluetooth Speaker";"Electronics";"KiddoFun";3;556.68;0.0;83.5;1.06;1754.6;"Debit Card";"Delivered";"Fort Worth";"TX";"Canada";"SELL01801"
"ORD0000216";"2024-07-21";"CUST008440";"Vikas Reddy";"P00016";"Air Fryer";"Home & Kitchen";"HomeEase";3;404.76;0.0;218.57;10.5;1443.35;"Debit Card";"Delivered";"Jacksonville";"FL";"United States";"SELL00813"
"ORD0000217";"2024-03-09";"CUST019363";"Sunita Reddy";"P00005";"Laptop Sleeve";"Toys & Games";"FitLife";5;470.82;0.1;169.5;12.39;2300.58;"Debit Card";"Delivered";"Denver";"CO";"United States";"SELL01565"
"ORD0000218";"2023-10-03";"CUST034266";"Anjali Sharma";"P00003";"Smartphone Case";"Home & Kitchen";"Zenith";5;88.24;0.0;35.3;13.44;489.94;"Debit Card";"Delivered";"Houston";"TX";"India";"SELL01516"
"ORD0000219";"2024-02-05";"CUST026742";"Vihaan Gupta";"P00021";"Backpack";"Home & Kitchen";"Apex";3;410.9;0.0;98.62;0.57;1331.89;"Credit Card";"Delivered";"San Diego";"CA";"India";"SELL01863"
"ORD0000220";"2023-06-08";"CUST020572";"Mohit Kapoor";"P00025";"Running Shoes";"Clothing";"NexPro";4;485.32;0.15;132.01;8.34;1790.44;"Amazon Pay";"Delivered";"Dallas";"TX";"United States";"SELL01791"
"ORD0000221";"2020-07-08";"CUST012246";"Pooja Sharma";"P00028";"Jeans";"Clothing";"Apex";1;49.31;0.0;2.47;0.69;52.47;"Debit Card";"Delivered";"Charlotte";"NC";"United States";"SELL00297"
"ORD0000222";"2023-06-02";"CUST021328";"Vihaan Kapoor";"P00017";"Electric Kettle";"Sports & Outdoors";"CoreTech";4;389.67;0.05;118.46;3.29;1602.5;"Credit Card";"Delivered";"San Diego";"CA";"United States";"SELL00328"
"ORD0000223";"2023-11-09";"CUST017932";"Karan Patel";"P00037";"Router";"Home & Kitchen";"FitLife";1;450.05;0.0;22.5;1.2;473.75;"Net Banking";"Shipped";"Austin";"TX";"United States";"SELL00753"
"ORD0000224";"2023-11-01";"CUST030236";"Anjali Mehta";"P00018";"Vacuum Cleaner";"Home & Kitchen";"ReadMore";3;137.33;0.1;29.66;13.56;414.01;"Credit Card";"Delivered";"San Antonio";"TX";"India";"SELL00080"
"ORD0000225";"2023-07-30";"CUST018375";"Kabir Reddy";"P00048";"Wireless Charger";"Home & Kitchen";"BrightLux";2;114.61;0.0;18.34;0.91;248.47;"Net Banking";"Delivered";"Phoenix";"AZ";"United States";"SELL01913"
"ORD0000226";"2021-09-24";"CUST031704";"Vihaan Mehta";"P00026";"Sunglasses";"Electronics";"CoreTech";5;303.23;0.0;181.94;9.58;1707.67;"Credit Card";"Delivered";"San Francisco";"CA";"United States";"SELL00376"
"ORD0000227";"2021-09-19";"CUST003147";"Ritika Kumar";"P00023";"Cookware Set";"Toys & Games";"HomeEase";4;377.77;0.1;163.2;11.35;1534.52;"Amazon Pay";"Delivered";"Washington";"DC";"United States";"SELL00628"
"ORD0000228";"2022-08-30";"CUST014415";"Pooja Sharma";"P00020";"Office Chair";"Electronics";"BrightLux";5;165.72;0.05;62.97;4.46;854.6;"Credit Card";"Delivered";"Chicago";"IL";"India";"SELL01713"
"ORD0000229";"2024-11-03";"CUST001747";"Karan Sharma";"P00048";"Wireless Charger";"Electronics";"Apex";5;404.33;0.0;161.73;4.75;2188.13;"Credit Card";"Shipped";"Denver";"CO";"United Kingdom";"SELL00704"
"ORD0000230";"2023-07-06";"CUST031415";"Aman Reddy";"P00033";"Puzzle 1000pc";"Toys & Games";"UrbanStyle";5;493.81;0.3;138.27;14.7;1881.3;"Amazon Pay";"Pending";"Denver";"CO";"United States";"SELL00905"
"ORD0000231";"2023-10-14";"CUST048207";"Rohit Patel";"P00010";"Smartwatch";"Home & Kitchen";"CoreTech";1;590.17;0.15;25.08;3.79;530.51;"Credit Card";"Shipped";"Denver";"CO";"United States";"SELL01023"
"ORD0000232";"2021-12-10";"CUST019145";"Karan Verma";"P00026";"Sunglasses";"Toys & Games";"FitLife";2;426.66;0.15;87.04;11.68;824.04;"Amazon Pay";"Delivered";"Jacksonville";"FL";"United States";"SELL00212"
"ORD0000233";"2024-01-19";"CUST028877";"Anjali Kapoor";"P00005";"Laptop Sleeve";"Home & Kitchen";"UrbanStyle";3;512.13;0.0;122.91;14.93;1674.23;"Net Banking";"Delivered";"Chicago";"IL";"United States";"SELL00809"
"ORD0000234";"2023-12-05";"CUST006962";"Anjali Verma";"P00012";"Noise Cancelling Headphones";"Toys & Games";"FitLife";4;139.59;0.05;26.52;0.4;557.36;"Debit Card";"Shipped";"Fort Worth";"TX";"United States";"SELL00871"
"ORD0000235";"2021-10-10";"CUST037405";"Priya Reddy";"P00034";"Desk Organizer";"Clothing";"Zenith";2;130.46;0.1;18.79;0.38;254.0;"Debit Card";"Delivered";"Denver";"CO";"United States";"SELL00685"
"ORD0000236";"2020-11-13";"CUST025402";"Priya Mehta";"P00030";"Dress Shirt";"Electronics";"Apex";5;574.24;0.0;143.56;13.09;3027.85;"Credit Card";"Shipped";"Chicago";"IL";"United States";"SELL00618"
"ORD0000237";"2024-08-27";"CUST029978";"Anjali Mehta";"P00047";"Memory Card 128GB";"Clothing";"KiddoFun";1;432.72;0.2;62.31;14.85;423.34;"Cash on Delivery";"Delivered";"Los Angeles";"CA";"India";"SELL00273"
"ORD0000238";"2023-06-02";"CUST049175";"Priya Reddy";"P00021";"Backpack";"Electronics";"CoreTech";5;73.55;0.15;0.0;9.03;321.62;"Debit Card";"Delivered";"Indianapolis";"IN";"United States";"SELL00238"
"ORD0000239";"2023-06-11";"CUST028805";"Arjun Kumar";"P00022";"Water Bottle";"Electronics";"KiddoFun";1;257.51;0.1;41.72;5.25;278.73;"Credit Card";"Delivered";"Los Angeles";"CA";"United States";"SELL01434"
"ORD0000240";"2021-11-14";"CUST024635";"Karan Mehta";"P00050";"Novel Bestseller";"Clothing";"FitLife";5;338.76;0.05;193.09;12.46;1814.66;"UPI";"Delivered";"Fort Worth";"TX";"India";"SELL00311"
"ORD0000241";"2021-10-25";"CUST034448";"Mohit Kapoor";"P00035";"Desk Plant";"Electronics";"CoreTech";2;139.97;0.0;22.4;14.9;317.24;"UPI";"Delivered";"New York";"NY";"Australia";"SELL00709"
"ORD0000242";"2023-10-29";"CUST040551";"Ritika Gupta";"P00028";"Jeans";"Electronics";"KiddoFun";4;202.98;0.1;58.46;0.09;789.28;"Cash on Delivery";"Delivered";"Seattle";"WA";"Canada";"SELL01881"
"ORD0000243";"2024-08-22";"CUST034398";"Sunita Reddy";"P00040";"Microphone";"Home & Kitchen";"KiddoFun";4;319.11;0.0;63.82;4.15;1344.41;"Cash on Delivery";"Delivered";"San Antonio";"TX";"United States";"SELL01539"
"ORD0000244";"2024-06-19";"CUST042901";"Aarav Gupta";"P00014";"Drone Mini";"Home & Kitchen";"Zenith";1;370.47;0.15;37.79;0.89;353.58;"Amazon Pay";"Delivered";"Columbus";"OH";"United States";"SELL01937"
"ORD0000245";"2024-02-04";"CUST029445";"Priya Kumar";"P00004";"USB-C Charger";"Clothing";"BrightLux";5;45.49;0.2;32.75;0.02;214.73;"Debit Card";"Delivered";"Seattle";"WA";"India";"SELL00878"
"ORD0000246";"2023-06-10";"CUST039354";"Karan Kapoor";"P00014";"Drone Mini";"Clothing";"Apex";3;116.12;0.0;62.7;5.45;416.51;"Credit Card";"Delivered";"Seattle";"WA";"India";"SELL01817"
"ORD0000247";"2024-09-11";"CUST047386";"Kabir Patel";"P00013";"Action Camera";"Electronics";"BrightLux";3;297.86;0.2;85.78;7.14;807.78;"Credit Card";"Shipped";"Phoenix";"AZ";"United States";"SELL01554"
"ORD0000248";"2023-02-10";"CUST014192";"Simran Joshi";"P00014";"Drone Mini";"Toys & Games";"FitLife";5;89.26;0.0;35.7;2.92;484.92;"Debit Card";"Delivered";"San Francisco";"CA";"United States";"SELL01901"
"ORD0000249";"2024-02-29";"CUST027774";"Simran Kumar";"P00011";"Fitness Band";"Electronics";"FitLife";4;73.54;0.2;18.83;11.23;265.39;"Debit Card";"Delivered";"Charlotte";"NC";"United States";"SELL01387"
"ORD0000250";"2021-03-17";"CUST045022";"Aman Joshi";"P00036";"Smart Light Bulb";"Home & Kitchen";"CoreTech";4;214.42;0.0;102.92;9.31;969.91;"Credit Card";"Delivered";"Philadelphia";"PA";"United States";"SELL00871"
"ORD0000251";"2021-07-17";"CUST015291";"Mohit Verma";"P00039";"Graphic Tablet";"Home & Kitchen";"CoreTech";4;234.78;0.1;101.42;0.79;947.42;"Credit Card";"Delivered";"Chicago";"IL";"United States";"SELL00536"
"ORD0000252";"2023-07-15";"CUST019542";"Priya Reddy";"P00014";"Drone Mini";"Clothing";"Apex";5;274.55;0.3;48.05;5.27;1014.24;"Debit Card";"Pending";"Washington";"DC";"United States";"SELL00946"
"ORD0000253";"2024-03-13";"CUST005818";"Kabir Patel";"P00002";"Bluetooth Speaker";"Electronics";"Apex";5;187.41;0.25;35.14;13.38;751.31;"Net Banking";"Shipped";"Austin";"TX";"Canada";"SELL00810"
"ORD0000254";"2023-11-10";"CUST017005";"Aditya Kumar";"P00031";"Kids Toy Car";"Books";"BrightLux";4;230.36;0.15;39.16;2.0;824.38;"Amazon Pay";"Delivered";"Chicago";"IL";"India";"SELL01760"
"ORD0000255";"2023-11-11";"CUST004652";"Priya Kumar";"P00028";"Jeans";"Electronics";"ReadMore";5;259.57;0.05;0.0;7.79;1240.75;"UPI";"Pending";"Dallas";"TX";"United States";"SELL00205"
"ORD0000256";"2023-02-10";"CUST000716";"Rohit Singh";"P00025";"Running Shoes";"Electronics";"Zenith";4;428.27;0.25;154.18;12.7;1451.69;"Cash on Delivery";"Delivered";"Washington";"DC";"India";"SELL00035"
"ORD0000257";"2024-06-24";"CUST008298";"Aarav Sharma";"P00011";"Fitness Band";"Books";"CoreTech";5;428.5;0.0;171.4;0.81;2314.71;"Amazon Pay";"Delivered";"Charlotte";"NC";"United States";"SELL00561"
"ORD0000258";"2024-07-06";"CUST047323";"Sneha Joshi";"P00023";"Cookware Set";"Clothing";"Zenith";5;101.42;0.0;60.85;0.03;567.98;"Debit Card";"Delivered";"San Jose";"CA";"India";"SELL00073"
"ORD0000259";"2022-08-09";"CUST024173";"Kabir Verma";"P00046";"Car Charger";"Sports & Outdoors";"UrbanStyle";2;177.35;0.05;26.96;14.57;378.49;"Debit Card";"Delivered";"San Francisco";"CA";"United States";"SELL01449"
"ORD0000260";"2023-01-09";"CUST039468";"Simran Mehta";"P00002";"Bluetooth Speaker";"Sports & Outdoors";"Apex";5;276.27;0.0;110.51;9.92;1501.78;"Net Banking";"Delivered";"Phoenix";"AZ";"United States";"SELL00800"
"ORD0000261";"2021-11-29";"CUST017113";"Ritika Kumar";"P00006";"Gaming Mouse";"Electronics";"CoreTech";2;220.49;0.25;39.69;11.42;381.84;"Debit Card";"Delivered";"Houston";"TX";"United States";"SELL00589"
"ORD0000262";"2020-04-22";"CUST012593";"Sunita Joshi";"P00015";"Instant Pot";"Books";"NexPro";5;55.8;0.15;11.86;1.6;250.61;"Credit Card";"Delivered";"Philadelphia";"PA";"United States";"SELL00414"
"ORD0000263";"2020-01-02";"CUST043099";"Sunita Kumar";"P00009";"Portable SSD 1TB";"Home & Kitchen";"Zenith";3;520.47;0.05;267.0;0.93;1751.27;"Debit Card";"Delivered";"Phoenix";"AZ";"India";"SELL01206"
"ORD0000264";"2021-10-03";"CUST002544";"Arjun Sharma";"P00050";"Novel Bestseller";"Home & Kitchen";"Zenith";5;567.72;0.05;323.6;10.53;3030.8;"Credit Card";"Delivered";"Fort Worth";"TX";"United States";"SELL00789"
"ORD0000265";"2020-08-07";"CUST003153";"Vihaan Mehta";"P00041";"Webcam Full HD";"Toys & Games";"Zenith";3;451.53;0.1;146.3;14.32;1379.75;"Amazon Pay";"Delivered";"Columbus";"OH";"United States";"SELL01729"
"ORD0000266";"2024-05-08";"CUST049849";"Sneha Singh";"P00036";"Smart Light Bulb";"Electronics";"BrightLux";5;594.86;0.0;237.94;2.37;3214.61;"Debit Card";"Delivered";"Seattle";"WA";"United States";"SELL00669"
"ORD0000267";"2022-05-04";"CUST020614";"Aman Joshi";"P00010";"Smartwatch";"Toys & Games";"Apex";2;349.96;0.0;35.0;6.25;741.17;"Cash on Delivery";"Delivered";"Jacksonville";"FL";"United States";"SELL01843"
"ORD0000268";"2024-10-25";"CUST008599";"Vivaan Reddy";"P00018";"Vacuum Cleaner";"Home & Kitchen";"Zenith";5;492.27;0.1;110.76;7.62;2333.6;"UPI";"Delivered";"San Antonio";"TX";"Australia";"SELL01396"
"ORD0000269";"2023-06-02";"CUST031058";"Sneha Verma";"P00039";"Graphic Tablet";"Sports & Outdoors";"Apex";1;94.16;0.05;7.16;0.9;97.51;"Credit Card";"Delivered";"Jacksonville";"FL";"United States";"SELL01933"
"ORD0000270";"2021-01-19";"CUST032555";"Simran Singh";"P00035";"Desk Plant";"Books";"FitLife";1;348.88;0.1;37.68;5.52;357.19;"Credit Card";"Delivered";"Houston";"TX";"United States";"SELL01560"
"ORD0000271";"2023-11-27";"CUST023550";"Simran Reddy";"P00032";"Board Game";"Sports & Outdoors";"UrbanStyle";1;85.61;0.0;6.85;10.64;103.1;"UPI";"Delivered";"Seattle";"WA";"United States";"SELL01202"
"ORD0000272";"2024-07-19";"CUST042540";"Sahil Kapoor";"P00010";"Smartwatch";"Home & Kitchen";"CoreTech";3;476.94;0.15;60.81;5.78;1282.79;"UPI";"Shipped";"Columbus";"OH";"India";"SELL01156"
"ORD0000273";"2023-02-27";"CUST044529";"Anjali Joshi";"P00007";"Mechanical Keyboard";"Clothing";"CoreTech";3;85.54;0.0;12.83;13.79;283.24;"Cash on Delivery";"Delivered";"Philadelphia";"PA";"United States";"SELL00976"
"ORD0000274";"2022-12-12";"CUST037954";"Kabir Reddy";"P00007";"Mechanical Keyboard";"Home & Kitchen";"UrbanStyle";4;312.92;0.15;127.67;6.21;1197.81;"Credit Card";"Delivered";"Washington";"DC";"India";"SELL00910"
"ORD0000275";"2024-09-03";"CUST035117";"Karan Reddy";"P00049";"Children's Book";"Electronics";"FitLife";2;493.21;0.1;44.39;14.27;946.44;"Net Banking";"Delivered";"Los Angeles";"CA";"United States";"SELL00331"
"ORD0000276";"2021-12-30";"CUST046611";"Simran Singh";"P00030";"Dress Shirt";"Toys & Games";"BrightLux";5;486.32;0.0;121.58;10.96;2564.14;"Debit Card";"Delivered";"Phoenix";"AZ";"United States";"SELL00032"
"ORD0000277";"2024-08-22";"CUST044280";"Neha Joshi";"P00026";"Sunglasses";"Electronics";"BrightLux";1;232.43;0.15;9.88;10.44;217.89;"Credit Card";"Delivered";"Columbus";"OH";"United States";"SELL01776"
"ORD0000278";"2024-09-29";"CUST033284";"Pooja Kumar";"P00037";"Router";"Sports & Outdoors";"HomeEase";3;171.64;0.0;41.19;1.74;557.85;"Debit Card";"Delivered";"Philadelphia";"PA";"United States";"SELL00284"
"ORD0000279";"2023-12-10";"CUST036194";"Pooja Reddy";"P00028";"Jeans";"Electronics";"ReadMore";5;436.76;0.0;174.7;4.11;2362.61;"Cash on Delivery";"Delivered";"Dallas";"TX";"India";"SELL01659"
"ORD0000280";"2020-09-03";"CUST023648";"Neha Kumar";"P00044";"Power Bank 20000mAh";"Books";"HomeEase";5;152.56;0.0;61.02;10.29;834.11;"Credit Card";"Shipped";"Fort Worth";"TX";"Canada";"SELL01792"
"ORD0000281";"2022-04-15";"CUST001746";"Pooja Joshi";"P00009";"Portable SSD 1TB";"Books";"NexPro";2;217.88;0.25;26.15;3.94;356.91;"Net Banking";"Delivered";"San Francisco";"CA";"India";"SELL00187"
"ORD0000282";"2024-01-02";"CUST034953";"Aditya Gupta";"P00015";"Instant Pot";"Sports & Outdoors";"KiddoFun";3;349.83;0.0;52.47;9.06;1111.02;"Amazon Pay";"Delivered";"Indianapolis";"IN";"India";"SELL01522"
"ORD0000283";"2020-07-21";"CUST036197";"Sneha Gupta";"P00026";"Sunglasses";"Sports & Outdoors";"HomeEase";1;25.8;0.15;1.75;2.16;25.84;"UPI";"Shipped";"Chicago";"IL";"United Kingdom";"SELL00883"
"ORD0000284";"2023-04-22";"CUST001072";"Anjali Patel";"P00028";"Jeans";"Toys & Games";"FitLife";4;235.08;0.05;71.46;13.48;978.24;"Amazon Pay";"Delivered";"San Jose";"CA";"United States";"SELL00294"
"ORD0000285";"2020-05-02";"CUST001188";"Sahil Verma";"P00049";"Children's Book";"Toys & Games";"ReadMore";1;485.49;0.0;58.26;13.38;557.13;"Credit Card";"Delivered";"San Diego";"CA";"Canada";"SELL01442"
"ORD0000286";"2021-02-04";"CUST016884";"Arjun Singh";"P00038";"External HDD 2TB";"Books";"Zenith";5;126.21;0.2;40.39;11.32;556.55;"Credit Card";"Delivered";"Chicago";"IL";"United States";"SELL00054"
"ORD0000287";"2022-02-05";"CUST043203";"Sneha Mehta";"P00001";"Wireless Earbuds";"Toys & Games";"UrbanStyle";3;436.44;0.1;94.27;14.18;1286.84;"Cash on Delivery";"Delivered";"Washington";"DC";"United States";"SELL00326"
"ORD0000288";"2020-10-20";"CUST012562";"Arjun Kumar";"P00007";"Mechanical Keyboard";"Toys & Games";"KiddoFun";1;465.84;0.05;22.13;2.26;466.94;"Debit Card";"Delivered";"Dallas";"TX";"United States";"SELL01435"
"ORD0000289";"2020-10-06";"CUST030504";"Aditya Mehta";"P00035";"Desk Plant";"Books";"Apex";4;41.51;0.0;19.92;5.9;191.86;"UPI";"Shipped";"Jacksonville";"FL";"United States";"SELL00977"
"ORD0000290";"2022-06-02";"CUST002550";"Karan Patel";"P00024";"Yoga Mat";"Sports & Outdoors";"Zenith";2;57.26;0.2;10.99;1.11;103.72;"Credit Card";"Delivered";"Washington";"DC";"United States";"SELL00039"
"ORD0000291";"2024-06-21";"CUST006082";"Sahil Joshi";"P00048";"Wireless Charger";"Home & Kitchen";"NexPro";3;432.19;0.05;98.54;1.14;1331.42;"Net Banking";"Returned";"Columbus";"OH";"United States";"SELL01802"
"ORD0000292";"2020-07-16";"CUST007148";"Karan Sharma";"P00010";"Smartwatch";"Electronics";"FitLife";1;402.92;0.15;27.4;11.53;381.41;"Net Banking";"Pending";"Columbus";"OH";"United States";"SELL00782"
"ORD0000293";"2022-09-08";"CUST014657";"Rohit Mehta";"P00014";"Drone Mini";"Home & Kitchen";"KiddoFun";5;541.68;0.0;135.42;13.07;2856.89;"UPI";"Delivered";"New York";"NY";"India";"SELL01904"
"ORD0000294";"2024-03-14";"CUST049112";"Sunita Kapoor";"P00029";"T-Shirt";"Electronics";"Apex";5;276.6;0.15;94.04;10.28;1279.87;"Amazon Pay";"Delivered";"Denver";"CO";"India";"SELL01356"
"ORD0000295";"2022-01-21";"CUST029592";"Aarav Kapoor";"P00019";"LED Desk Lamp";"Books";"Apex";3;466.02;0.0;69.9;12.53;1480.49;"Debit Card";"Delivered";"Philadelphia";"PA";"Canada";"SELL01890"
"ORD0000296";"2020-05-23";"CUST014517";"Sunita Joshi";"P00032";"Board Game";"Toys & Games";"Apex";2;464.46;0.05;105.9;13.46;1001.83;"UPI";"Delivered";"San Diego";"CA";"United States";"SELL00338"
"ORD0000297";"2021-08-31";"CUST005746";"Aarav Patel";"P00002";"Bluetooth Speaker";"Electronics";"CoreTech";3;331.2;0.05;47.2;0.11;991.23;"Debit Card";"Delivered";"San Diego";"CA";"United States";"SELL00199"
"ORD0000298";"2023-05-09";"CUST027050";"Priya Mehta";"P00002";"Bluetooth Speaker";"Clothing";"Zenith";4;97.45;0.1;17.54;0.02;368.38;"Amazon Pay";"Delivered";"Columbus";"OH";"United States";"SELL01301"
"ORD0000299";"2023-02-21";"CUST017205";"Karan Reddy";"P00035";"Desk Plant";"Electronics";"UrbanStyle";1;540.72;0.05;25.68;7.52;546.88;"Amazon Pay";"Delivered";"New York";"NY";"India";"SELL01985"
"ORD0000300";"2020-07-05";"CUST009192";"Sahil Kapoor";"P00001";"Wireless Earbuds";"Books";"ReadMore";2;308.26;0.15;94.33;9.57;627.94;"Amazon Pay";"Delivered";"Charlotte";"NC";"United States";"SELL01005"
"ORD0000301";"2023-09-11";"CUST008766";"Sneha Joshi";"P00041";"Webcam Full HD";"Sports & Outdoors";"Apex";2;41.57;0.25;7.48;12.91;82.74;"Amazon Pay";"Delivered";"New York";"NY";"United States";"SELL01248"
"ORD0000302";"2021-04-08";"CUST001699";"Sneha Gupta";"P00003";"Smartphone Case";"Electronics";"CoreTech";3;213.75;0.05;48.74;2.76;660.69;"UPI";"Delivered";"Washington";"DC";"United States";"SELL01222"
"ORD0000303";"2023-10-04";"CUST019427";"Karan Joshi";"P00030";"Dress Shirt";"Electronics";"BrightLux";5;113.48;0.0;28.37;0.78;596.55;"Debit Card";"Cancelled";"Chicago";"IL";"United States";"SELL00138"
"ORD0000304";"2024-11-29";"CUST003257";"Aarav Mehta";"P00050";"Novel Bestseller";"Toys & Games";"BrightLux";2;518.09;0.0;0.0;4.03;1040.21;"Amazon Pay";"Shipped";"Chicago";"IL";"United States";"SELL00084"
"ORD0000305";"2021-10-21";"CUST002188";"Anjali Mehta";"P00022";"Water Bottle";"Electronics";"KiddoFun";1;169.12;0.0;8.46;13.27;190.85;"Credit Card";"Shipped";"Charlotte";"NC";"United Kingdom";"SELL01336"
"ORD0000306";"2022-02-02";"CUST001779";"Mohit Joshi";"P00010";"Smartwatch";"Home & Kitchen";"Apex";4;476.83;0.1;85.83;8.41;1810.83;"Cash on Delivery";"Delivered";"New York";"NY";"Australia";"SELL01798"
"ORD0000307";"2022-08-12";"CUST032817";"Arjun Kapoor";"P00030";"Dress Shirt";"Clothing";"Apex";1;560.82;0.05;63.93;1.48;598.19;"Net Banking";"Delivered";"New York";"NY";"United States";"SELL01401"
"ORD0000308";"2021-02-06";"CUST034263";"Sahil Sharma";"P00031";"Kids Toy Car";"Toys & Games";"UrbanStyle";2;573.93;0.1;185.95;2.97;1221.99;"Amazon Pay";"Cancelled";"Denver";"CO";"United States";"SELL01501"
"ORD0000309";"2023-10-01";"CUST047601";"Sunita Kapoor";"P00049";"Children's Book";"Toys & Games";"Apex";4;179.25;0.1;32.27;0.94;678.51;"UPI";"Returned";"Houston";"TX";"United States";"SELL01467"
"ORD0000310";"2024-03-14";"CUST042134";"Ritika Sharma";"P00004";"USB-C Charger";"Electronics";"Zenith";5;400.83;0.0;100.21;0.32;2104.68;"UPI";"Shipped";"San Jose";"CA";"United States";"SELL01253"
"ORD0000311";"2020-05-26";"CUST013914";"Aditya Mehta";"P00002";"Bluetooth Speaker";"Toys & Games";"ReadMore";3;319.07;0.25;57.43;2.13;777.47;"Credit Card";"Delivered";"Denver";"CO";"United States";"SELL00458"
"ORD0000312";"2023-03-17";"CUST039236";"Arjun Joshi";"P00042";"Projector Mini";"Books";"BrightLux";3;582.15;0.0;87.32;6.71;1840.48;"Debit Card";"Pending";"Washington";"DC";"India";"SELL01738"
"ORD0000313";"2022-05-13";"CUST025927";"Mohit Sharma";"P00026";"Sunglasses";"Books";"BrightLux";4;458.05;0.1;82.45;10.2;1741.63;"UPI";"Shipped";"Indianapolis";"IN";"India";"SELL01590"
"ORD0000314";"2024-09-30";"CUST000351";"Pooja Mehta";"P00049";"Children's Book";"Toys & Games";"NexPro";3;33.87;0.1;10.97;1.29;103.71;"Amazon Pay";"Cancelled";"Los Angeles";"CA";"India";"SELL01318"
"ORD0000315";"2021-05-03";"CUST034695";"Anjali Kumar";"P00035";"Desk Plant";"Sports & Outdoors";"NexPro";1;528.48;0.0;0.0;8.79;537.27;"Credit Card";"Delivered";"Indianapolis";"IN";"United States";"SELL00205"
"ORD0000316";"2022-07-17";"CUST034686";"Simran Patel";"P00005";"Laptop Sleeve";"Electronics";"CoreTech";4;539.52;0.0;172.65;6.53;2337.26;"Amazon Pay";"Delivered";"Fort Worth";"TX";"United States";"SELL00156"
"ORD0000317";"2024-07-21";"CUST028950";"Anjali Mehta";"P00023";"Cookware Set";"Clothing";"ReadMore";4;155.41;0.0;31.08;6.79;659.51;"Debit Card";"Shipped";"Phoenix";"AZ";"United States";"SELL00695"
"ORD0000318";"2021-07-04";"CUST012442";"Pooja Mehta";"P00002";"Bluetooth Speaker";"Toys & Games";"CoreTech";2;487.41;0.0;48.74;7.26;1030.82;"Amazon Pay";"Delivered";"Austin";"TX";"United States";"SELL01588"
"ORD0000319";"2020-12-03";"CUST038779";"Pooja Verma";"P00017";"Electric Kettle";"Books";"Apex";1;595.34;0.0;47.63;12.41;655.38;"Amazon Pay";"Delivered";"Dallas";"TX";"United States";"SELL00807"
"ORD0000320";"2022-05-21";"CUST012713";"Neha Sharma";"P00012";"Noise Cancelling Headphones";"Home & Kitchen";"ReadMore";2;274.82;0.05;26.11;11.71;559.98;"UPI";"Delivered";"San Francisco";"CA";"United States";"SELL00400"
"ORD0000321";"2021-10-02";"CUST020344";"Sahil Sharma";"P00031";"Kids Toy Car";"Toys & Games";"Apex";4;426.38;0.05;81.01;9.49;1710.74;"Cash on Delivery";"Delivered";"Columbus";"OH";"United States";"SELL00463"
"ORD0000322";"2024-12-07";"CUST005270";"Vikas Kumar";"P00020";"Office Chair";"Home & Kitchen";"Zenith";1;412.78;0.0;0.0;13.23;426.01;"Net Banking";"Delivered";"Seattle";"WA";"United States";"SELL01391"
"ORD0000323";"2021-04-17";"CUST023625";"Aditya Sharma";"P00020";"Office Chair";"Toys & Games";"BrightLux";4;153.06;0.0;48.98;4.38;665.6;"Net Banking";"Shipped";"Charlotte";"NC";"United States";"SELL01411"
"ORD0000324";"2020-05-30";"CUST010542";"Aarav Kumar";"P00047";"Memory Card 128GB";"Home & Kitchen";"FitLife";5;234.78;0.1;126.78;13.1;1196.39;"Debit Card";"Delivered";"Columbus";"OH";"United States";"SELL01480"
"ORD0000325";"2023-12-09";"CUST021562";"Rohit Sharma";"P00019";"LED Desk Lamp";"Sports & Outdoors";"NexPro";3;120.94;0.2;14.51;5.34;310.11;"Amazon Pay";"Delivered";"San Jose";"CA";"United States";"SELL00844"
"ORD0000326";"2023-08-14";"CUST031261";"Kabir Singh";"P00049";"Children's Book";"Toys & Games";"UrbanStyle";2;161.85;0.1;52.44;14.19;357.96;"UPI";"Delivered";"Indianapolis";"IN";"United States";"SELL01839"
"ORD0000327";"2024-06-22";"CUST024288";"Sneha Singh";"P00043";"HDMI Cable 2m";"Sports & Outdoors";"Apex";5;246.53;0.0;61.63;14.46;1308.74;"UPI";"Delivered";"San Antonio";"TX";"United States";"SELL01954"
"ORD0000328";"2020-09-19";"CUST015925";"Neha Verma";"P00038";"External HDD 2TB";"Toys & Games";"CoreTech";1;152.22;0.05;11.57;13.19;169.37;"Credit Card";"Delivered";"Dallas";"TX";"India";"SELL01021"
"ORD0000329";"2024-11-22";"CUST011154";"Ritika Kumar";"P00033";"Puzzle 1000pc";"Books";"HomeEase";4;489.79;0.2;282.12;9.88;1859.33;"Debit Card";"Delivered";"Chicago";"IL";"India";"SELL01122"
"ORD0000330";"2020-05-23";"CUST023840";"Simran Gupta";"P00018";"Vacuum Cleaner";"Home & Kitchen";"FitLife";3;94.03;0.05;13.4;8.62;290.01;"Credit Card";"Delivered";"Columbus";"OH";"United States";"SELL01015"
"ORD0000331";"2020-12-11";"CUST004105";"Vikas Singh";"P00026";"Sunglasses";"Toys & Games";"Zenith";1;295.94;0.05;33.74;5.01;319.89;"Amazon Pay";"Delivered";"Chicago";"IL";"United States";"SELL00422"
"ORD0000332";"2021-09-15";"CUST034270";"Kabir Kapoor";"P00016";"Air Fryer";"Sports & Outdoors";"HomeEase";1;352.82;0.0;28.23;6.11;387.16;"Amazon Pay";"Delivered";"Philadelphia";"PA";"United States";"SELL00066"
"ORD0000333";"2022-10-13";"CUST031200";"Vihaan Singh";"P00020";"Office Chair";"Toys & Games";"HomeEase";1;240.55;0.1;10.82;14.14;241.46;"Credit Card";"Cancelled";"Indianapolis";"IN";"United States";"SELL01126"
"ORD0000334";"2024-05-14";"CUST002824";"Priya Verma";"P00026";"Sunglasses";"Toys & Games";"CoreTech";3;389.23;0.0;140.12;7.57;1315.38;"Credit Card";"Delivered";"Indianapolis";"IN";"United States";"SELL01273"
"ORD0000335";"2022-05-30";"CUST046488";"Ritika Sharma";"P00001";"Wireless Earbuds";"Home & Kitchen";"KiddoFun";3;400.38;0.0;216.21;8.35;1425.7;"UPI";"Delivered";"Indianapolis";"IN";"India";"SELL00834"
"ORD0000336";"2020-01-02";"CUST000068";"Priya Kapoor";"P00013";"Action Camera";"Electronics";"ReadMore";1;501.07;0.0;25.05;1.54;527.66;"Amazon Pay";"Delivered";"San Francisco";"CA";"United States";"SELL01958"
"ORD0000337";"2022-06-15";"CUST025908";"Sunita Mehta";"P00025";"Running Shoes";"Clothing";"UrbanStyle";1;296.93;0.05;33.85;5.35;321.28;"Amazon Pay";"Delivered";"Houston";"TX";"United States";"SELL01382"
"ORD0000338";"2023-08-20";"CUST012590";"Rohit Verma";"P00007";"Mechanical Keyboard";"Home & Kitchen";"CoreTech";2;30.67;0.05;2.91;6.88;68.06;"Credit Card";"Shipped";"Fort Worth";"TX";"United States";"SELL01384"
"ORD0000339";"2020-09-10";"CUST043281";"Ritika Kumar";"P00007";"Mechanical Keyboard";"Books";"UrbanStyle";2;559.24;0.0;134.22;11.03;1263.73;"Debit Card";"Delivered";"Denver";"CO";"United States";"SELL01472"
"ORD0000340";"2024-08-02";"CUST023061";"Vihaan Gupta";"P00003";"Smartphone Case";"Toys & Games";"KiddoFun";3;72.83;0.1;15.73;0.49;212.86;"Credit Card";"Delivered";"New York";"NY";"United States";"SELL00011"
"ORD0000341";"2021-03-28";"CUST024329";"Kabir Verma";"P00035";"Desk Plant";"Toys & Games";"KiddoFun";3;94.51;0.2;11.34;5.78;243.94;"Debit Card";"Delivered";"Phoenix";"AZ";"United States";"SELL00335"
"ORD0000342";"2022-11-26";"CUST049916";"Ritika Sharma";"P00014";"Drone Mini";"Books";"HomeEase";2;487.8;0.05;74.15;14.57;1015.54;"Amazon Pay";"Delivered";"Chicago";"IL";"United States";"SELL01794"
"ORD0000343";"2023-03-29";"CUST005573";"Vikas Reddy";"P00040";"Microphone";"Toys & Games";"KiddoFun";3;203.88;0.0;48.93;1.71;662.28;"UPI";"Delivered";"Indianapolis";"IN";"United States";"SELL00906"
"ORD0000344";"2022-10-11";"CUST041438";"Karan Patel";"P00025";"Running Shoes";"Books";"Zenith";5;39.9;0.1;8.98;9.41;197.94;"Amazon Pay";"Pending";"Seattle";"WA";"United States";"SELL01014"
"ORD0000345";"2020-01-09";"CUST027366";"Aditya Reddy";"P00014";"Drone Mini";"Books";"HomeEase";1;56.87;0.1;4.09;3.54;58.81;"Net Banking";"Delivered";"Philadelphia";"PA";"Australia";"SELL00220"
"ORD0000346";"2023-06-10";"CUST013256";"Anjali Sharma";"P00037";"Router";"Sports & Outdoors";"Apex";1;369.08;0.0;18.45;1.59;389.12;"UPI";"Delivered";"San Jose";"CA";"United States";"SELL00751"
"ORD0000347";"2023-01-27";"CUST037808";"Karan Joshi";"P00001";"Wireless Earbuds";"Home & Kitchen";"NexPro";5;410.33;0.0;164.13;4.18;2219.96;"Debit Card";"Delivered";"Philadelphia";"PA";"United States";"SELL00465"
"ORD0000348";"2024-08-09";"CUST012334";"Vihaan Mehta";"P00020";"Office Chair";"Home & Kitchen";"Apex";2;29.1;0.2;2.33;3.83;52.72;"Amazon Pay";"Delivered";"San Francisco";"CA";"United States";"SELL00357"
"ORD0000349";"2022-03-26";"CUST046689";"Vikas Joshi";"P00037";"Router";"Books";"FitLife";2;116.97;0.0;18.72;8.01;260.67;"UPI";"Delivered";"Denver";"CO";"India";"SELL00183"
"ORD0000350";"2020-07-26";"CUST017408";"Arjun Mehta";"P00009";"Portable SSD 1TB";"Sports & Outdoors";"Apex";5;548.98;0.0;219.59;11.56;2976.05;"Amazon Pay";"Delivered";"Fort Worth";"TX";"United States";"SELL00578"
